,algebra,counting_and_probability,geometry,intermediate_algebra,number_theory,prealgebra,precalculus
algebra,0.000000,0.015779,0.036083,0.013427,0.005352,0.013744,0.017954
counting_and_probability,0.014039,0.000000,0.046287,0.009226,0.009186,0.010297,0.022913
geometry,0.036609,0.046197,0.000000,0.030523,0.032036,0.032282,0.021220
intermediate_algebra,0.011348,0.008966,0.029246,0.000000,0.008069,0.005483,0.012995
number_theory,0.005211,0.009817,0.032501,0.009209,0.000000,0.005738,0.018147
prealgebra,0.011933,0.010377,0.030723,0.006001,0.005227,0.000000,0.020110
precalculus,0.016386,0.023216,0.019468,0.013756,0.018431,0.020566,0.000000
