,algebra,counting_and_probability,geometry,intermediate_algebra,number_theory,prealgebra,precalculus
algebra,0.000000,0.014909,0.036346,0.012387,0.005282,0.012838,0.017170
counting_and_probability,0.014909,0.000000,0.046242,0.009096,0.009501,0.010337,0.023065
geometry,0.036346,0.046242,0.000000,0.029884,0.032269,0.031503,0.020344
intermediate_algebra,0.012387,0.009096,0.029884,0.000000,0.008639,0.005742,0.013376
number_theory,0.005282,0.009501,0.032269,0.008639,0.000000,0.005483,0.018289
prealgebra,0.012838,0.010337,0.031503,0.005742,0.005483,0.000000,0.020338
precalculus,0.017170,0.023065,0.020344,0.013376,0.018289,0.020338,0.000000
