,algebra,counting_and_probability,geometry,intermediate_algebra,number_theory,prealgebra,precalculus
algebra,0.000000,0.014951,0.036050,0.010918,0.005252,0.012326,0.016375
counting_and_probability,0.014951,0.000000,0.046398,0.008483,0.009541,0.010130,0.023188
geometry,0.036050,0.046398,0.000000,0.029610,0.032483,0.031750,0.020022
intermediate_algebra,0.010918,0.008483,0.029610,0.000000,0.008399,0.006442,0.013143
number_theory,0.005252,0.009541,0.032483,0.008399,0.000000,0.005253,0.018561
prealgebra,0.012326,0.010130,0.031750,0.006442,0.005253,0.000000,0.021358
precalculus,0.016375,0.023188,0.020022,0.013143,0.018561,0.021358,0.000000
