,algebra,counting_and_probability,geometry,intermediate_algebra,number_theory,prealgebra,precalculus
algebra,0.000000,0.015817,0.035804,0.011672,0.005311,0.013056,0.016784
counting_and_probability,0.014085,0.000000,0.046426,0.008551,0.009222,0.010049,0.022929
geometry,0.036296,0.046370,0.000000,0.030079,0.032272,0.032492,0.020727
intermediate_algebra,0.010164,0.008415,0.029140,0.000000,0.007898,0.006158,0.012792
number_theory,0.005194,0.009859,0.032693,0.008899,0.000000,0.005467,0.018322
prealgebra,0.011595,0.010210,0.031008,0.006725,0.005039,0.000000,0.021222
precalculus,0.015966,0.023447,0.019317,0.013494,0.018799,0.021494,0.000000
