{
  "method": "problem-level one-vs-rest permutation test",
  "target": "counting_and_probability",
  "n_perm": 10000,
  "seed": 0,
  "prior_strength": 1.0,
  "hint_types": [
    "f",
    "r",
    "b",
    "e"
  ],
  "domains": {
    "algebra": {
      "n_transitions": 4066,
      "n_rest_transitions": 23504,
      "g": 66.63569099108987,
      "p_g": 9.999000099990002e-05,
      "g_rows": [
        1.5343829505071334,
        16.875137160614297,
        44.86195564429323,
        3.364215235675214
      ],
      "p_g_rows": [
        0.630936906309369,
        0.0010998900109989002,
        9.999000099990002e-05,
        0.3565643435656434
      ],
      "sym_kl": 0.009317338070634033,
      "p_kl": 0.049795020497950204,
      "counts": [
        [
          113.0,
          200.0,
          283.0,
          21.0
        ],
        [
          78.0,
          175.0,
          496.0,
          41.0
        ],
        [
          90.0,
          281.0,
          1775.0,
          332.0
        ],
        [
          8.0,
          26.0,
          107.0,
          40.0
        ]
      ],
      "rest_counts": [
        [
          701.0,
          1156.0,
          1595.0,
          96.0
        ],
        [
          340.0,
          1413.0,
          3454.0,
          245.0
        ],
        [
          350.0,
          2098.0,
          9770.0,
          1474.0
        ],
        [
          18.0,
          112.0,
          471.0,
          211.0
        ]
      ],
      "n_problems": 576,
      "n_rest_problems": 3467,
      "p_g_holm": 0.0006999300069993001,
      "p_kl_holm": 0.19918008199180082
    },
    "counting_and_probability": {
      "n_transitions": 4334,
      "n_rest_transitions": 23236,
      "g": 62.42399630660799,
      "p_g": 9.999000099990002e-05,
      "g_rows": [
        32.48059356173969,
        14.488869514526005,
        15.122814148866226,
        0.33171908147606466
      ],
      "p_g_rows": [
        9.999000099990002e-05,
        0.0022997700229977,
        0.0018998100189981002,
        0.9566043395660434
      ],
      "sym_kl": 0.011815360552929033,
      "p_kl": 0.0143985601439856,
      "counts": [
        [
          94.0,
          139.0,
          315.0,
          18.0
        ],
        [
          40.0,
          200.0,
          570.0,
          52.0
        ],
        [
          53.0,
          385.0,
          2009.0,
          273.0
        ],
        [
          5.0,
          26.0,
          111.0,
          44.0
        ]
      ],
      "rest_counts": [
        [
          720.0,
          1217.0,
          1563.0,
          99.0
        ],
        [
          378.0,
          1388.0,
          3380.0,
          234.0
        ],
        [
          387.0,
          1994.0,
          9536.0,
          1533.0
        ],
        [
          21.0,
          112.0,
          467.0,
          207.0
        ]
      ],
      "n_problems": 584,
      "n_rest_problems": 3459,
      "p_g_holm": 0.0006999300069993001,
      "p_kl_holm": 0.08639136086391361
    },
    "geometry": {
      "n_transitions": 3933,
      "n_rest_transitions": 23637,
      "g": 167.16502852605493,
      "p_g": 9.999000099990002e-05,
      "g_rows": [
        56.16375410033775,
        37.02318398359458,
        70.90763929662258,
        3.0704511455000443
      ],
      "p_g_rows": [
        9.999000099990002e-05,
        9.999000099990002e-05,
        9.999000099990002e-05,
        0.396960303969603
      ],
      "sym_kl": 0.027945716333784947,
      "p_kl": 9.999000099990002e-05,
      "counts": [
        [
          151.0,
          269.0,
          208.0,
          13.0
        ],
        [
          66.0,
          386.0,
          725.0,
          38.0
        ],
        [
          40.0,
          415.0,
          1341.0,
          182.0
        ],
        [
          4.0,
          15.0,
          50.0,
          30.0
        ]
      ],
      "rest_counts": [
        [
          663.0,
          1087.0,
          1670.0,
          104.0
        ],
        [
          352.0,
          1202.0,
          3225.0,
          248.0
        ],
        [
          400.0,
          1964.0,
          10204.0,
          1624.0
        ],
        [
          22.0,
          123.0,
          528.0,
          221.0
        ]
      ],
      "n_problems": 575,
      "n_rest_problems": 3468,
      "p_g_holm": 0.0006999300069993001,
      "p_kl_holm": 0.0006999300069993001
    },
    "intermediate_algebra": {
      "n_transitions": 3850,
      "n_rest_transitions": 23720,
      "g": 38.27411658973891,
      "p_g": 0.0004999500049995,
      "g_rows": [
        3.5244019668577913,
        7.302663193277802,
        26.20334655804139,
        1.2437048715619297
      ],
      "p_g_rows": [
        0.274972502749725,
        0.05779422057794221,
        9.999000099990002e-05,
        0.7571242875712428
      ],
      "sym_kl": 0.00400227915921377,
      "p_kl": 0.46095390460953906,
      "counts": [
        [
          123.0,
          186.0,
          292.0,
          13.0
        ],
        [
          51.0,
          185.0,
          541.0,
          28.0
        ],
        [
          78.0,
          326.0,
          1741.0,
          200.0
        ],
        [
          1.0,
          11.0,
          53.0,
          21.0
        ]
      ],
      "rest_counts": [
        [
          691.0,
          1170.0,
          1586.0,
          104.0
        ],
        [
          367.0,
          1403.0,
          3409.0,
          258.0
        ],
        [
          362.0,
          2053.0,
          9804.0,
          1606.0
        ],
        [
          25.0,
          127.0,
          525.0,
          230.0
        ]
      ],
      "n_problems": 565,
      "n_rest_problems": 3478,
      "p_g_holm": 0.0014998500149985001,
      "p_kl_holm": 0.6101389861013898
    },
    "number_theory": {
      "n_transitions": 3726,
      "n_rest_transitions": 23844,
      "g": 34.7256660710542,
      "p_g": 0.0008999100089991,
      "g_rows": [
        3.30847045555905,
        8.709580838148508,
        21.276204024408756,
        1.4314107529378837
      ],
      "p_g_rows": [
        0.29487051294870514,
        0.0342965703429657,
        0.00019998000199980003,
        0.7154284571542846
      ],
      "sym_kl": 0.005061625424429438,
      "p_kl": 0.3050694930506949,
      "counts": [
        [
          114.0,
          171.0,
          275.0,
          19.0
        ],
        [
          65.0,
          181.0,
          504.0,
          47.0
        ],
        [
          57.0,
          316.0,
          1491.0,
          307.0
        ],
        [
          5.0,
          20.0,
          107.0,
          47.0
        ]
      ],
      "rest_counts": [
        [
          700.0,
          1185.0,
          1603.0,
          98.0
        ],
        [
          353.0,
          1407.0,
          3446.0,
          239.0
        ],
        [
          383.0,
          2063.0,
          10054.0,
          1499.0
        ],
        [
          21.0,
          118.0,
          471.0,
          204.0
        ]
      ],
      "n_problems": 583,
      "n_rest_problems": 3460,
      "p_g_holm": 0.0014998500149985001,
      "p_kl_holm": 0.6101389861013898
    },
    "prealgebra": {
      "n_transitions": 3826,
      "n_rest_transitions": 23744,
      "g": 33.81059884179213,
      "p_g": 0.0006999300069993001,
      "g_rows": [
        4.032406172748643,
        4.471225632086659,
        21.111925388360916,
        4.195041648595911
      ],
      "p_g_rows": [
        0.20877912208779123,
        0.205979402059794,
        0.00019998000199980003,
        0.2606739326067393
      ],
      "sym_kl": 0.006083467939812636,
      "p_kl": 0.1902809719028097,