,algebra,counting_and_probability,geometry,intermediate_algebra,number_theory,prealgebra,precalculus
algebra,1.000000,0.985160,0.964592,0.989141,0.994762,0.987750,0.983758
counting_and_probability,0.985160,1.000000,0.954662,0.991553,0.990505,0.989922,0.977079
geometry,0.964592,0.954662,1.000000,0.970825,0.968039,0.968749,0.980177
intermediate_algebra,0.989141,0.991553,0.970825,1.000000,0.991636,0.993579,0.986943
number_theory,0.994762,0.990505,0.968039,0.991636,1.000000,0.994761,0.981611
prealgebra,0.987750,0.989922,0.968749,0.993579,0.994761,1.000000,0.978868
precalculus,0.983758,0.977079,0.980177,0.986943,0.981611,0.978868,1.000000
