,algebra,counting_and_probability,geometry,intermediate_algebra,number_theory,prealgebra,precalculus
algebra,1.000000,0.985201,0.964307,0.987689,0.994732,0.987244,0.982977
counting_and_probability,0.985201,1.000000,0.954811,0.990945,0.990544,0.989716,0.977199
geometry,0.964307,0.954811,1.000000,0.970558,0.968246,0.968988,0.979861
intermediate_algebra,0.987689,0.990945,0.970558,1.000000,0.991398,0.994275,0.986714
number_theory,0.994732,0.990544,0.968246,0.991398,1.000000,0.994532,0.981877
prealgebra,0.987244,0.989716,0.968988,0.994275,0.994532,1.000000,0.979868
precalculus,0.982977,0.977199,0.979861,0.986714,0.981877,0.979868,1.000000
