,algebra,counting_and_probability,geometry,intermediate_algebra,number_theory,prealgebra,precalculus
algebra,0.000000,0.054851,0.014289,0.018383,0.005264,0.026642,0.025388
counting_and_probability,0.054851,0.000000,0.031187,0.043669,0.053436,0.022230,0.052916
geometry,0.014289,0.031187,0.000000,0.010485,0.018050,0.013864,0.026530
intermediate_algebra,0.018383,0.043669,0.010485,0.000000,0.011634,0.021790,0.015933
number_theory,0.005264,0.053436,0.018050,0.011634,0.000000,0.023988,0.018033
prealgebra,0.026642,0.022230,0.013864,0.021790,0.023988,0.000000,0.035628
precalculus,0.025388,0.052916,0.026530,0.015933,0.018033,0.035628,0.000000
