,algebra,counting_and_probability,geometry,intermediate_algebra,number_theory,prealgebra,precalculus
algebra,0.000000,0.055591,0.014363,0.019115,0.005305,0.028075,0.026299
counting_and_probability,0.054111,0.000000,0.031996,0.045362,0.051601,0.022987,0.053796
geometry,0.014216,0.030377,0.000000,0.010738,0.017974,0.014209,0.026554
intermediate_algebra,0.017652,0.041976,0.010232,0.000000,0.011213,0.021571,0.015964
number_theory,0.005223,0.055270,0.018126,0.012054,0.000000,0.025065,0.019231
prealgebra,0.025208,0.021473,0.013518,0.022009,0.022911,0.000000,0.033318
precalculus,0.024477,0.052037,0.026507,0.015902,0.016834,0.037938,0.000000
