,algebra,counting_and_probability,geometry,intermediate_algebra,number_theory,prealgebra,precalculus
algebra,0.000000,0.055339,0.014502,0.020106,0.005445,0.028495,0.026259
counting_and_probability,0.053896,0.000000,0.031802,0.045563,0.051455,0.023426,0.053513
geometry,0.014343,0.030122,0.000000,0.011130,0.018011,0.013980,0.026580
intermediate_algebra,0.018514,0.041946,0.010531,0.000000,0.011470,0.020307,0.016516
number_theory,0.005340,0.055045,0.018154,0.012329,0.000000,0.024944,0.019184
prealgebra,0.025362,0.021711,0.013279,0.020985,0.022730,0.000000,0.033151
precalculus,0.024421,0.051683,0.026547,0.016695,0.016800,0.037966,0.000000
