,algebra,counting_and_probability,geometry,intermediate_algebra,number_theory,prealgebra,precalculus
algebra,0.000000,0.054618,0.014423,0.019310,0.005393,0.026928,0.025340
counting_and_probability,0.054618,0.000000,0.030962,0.043755,0.053250,0.022568,0.052598
geometry,0.014423,0.030962,0.000000,0.010830,0.018083,0.013630,0.026563
intermediate_algebra,0.019310,0.043755,0.010830,0.000000,0.011900,0.020646,0.016605
number_theory,0.005393,0.053250,0.018083,0.011900,0.000000,0.023837,0.017992
prealgebra,0.026928,0.022568,0.013630,0.020646,0.023837,0.000000,0.035558
precalculus,0.025340,0.052598,0.026563,0.016605,0.017992,0.035558,0.000000
