{
  "method": "problem-level one-vs-rest permutation test",
  "target": "counting_and_probability",
  "n_perm": 10000,
  "seed": 0,
  "prior_strength": 1.0,
  "hint_types": [
    "f",
    "r",
    "b",
    "e"
  ],
  "domains": {
    "algebra": {
      "n_transitions": 4066,
      "n_rest_transitions": 23504,
      "g": 108.4945538091182,
      "p_g": 9.999000099990002e-05,
      "g_rows": [
        27.187408736053875,
        4.496429130244289,
        67.8633486040801,
        8.947367338739937
      ],
      "p_g_rows": [
        9.999000099990002e-05,
        0.24377562243775622,
        9.999000099990002e-05,
        0.0430956904309569
      ],
      "sym_kl": 0.016864007966141115,
      "p_kl": 0.00029997000299970003,
      "counts": [
        [
          178.0,
          175.0,
          391.0,
          39.0
        ],
        [
          147.0,
          251.0,
          464.0,
          61.0
        ],
        [
          189.0,
          336.0,
          1281.0,
          325.0
        ],
        [
          6.0,
          16.0,
          44.0,
          163.0
        ]
      ],
      "rest_counts": [
        [
          1623.0,
          999.0,
          2373.0,
          182.0
        ],
        [
          689.0,
          1475.0,
          2402.0,
          342.0
        ],
        [
          916.0,
          1415.0,
          8546.0,
          1485.0
        ],
        [
          22.0,
          55.0,
          132.0,
          848.0
        ]
      ],
      "n_problems": 576,
      "n_rest_problems": 3467,
      "p_g_holm": 0.0006999300069993001,
      "p_kl_holm": 0.0014998500149985001
    },
    "counting_and_probability": {
      "n_transitions": 4334,
      "n_rest_transitions": 23236,
      "g": 195.08105968973481,
      "p_g": 9.999000099990002e-05,
      "g_rows": [
        108.63738551197297,
        56.88999513248463,
        17.73839322106422,
        11.815285824213
      ],
      "p_g_rows": [
        9.999000099990002e-05,
        9.999000099990002e-05,
        0.0012998700129987,
        0.0100989901009899
      ],
      "sym_kl": 0.03406717109762067,
      "p_kl": 9.999000099990002e-05,
      "counts": [
        [
          491.0,
          147.0,
          495.0,
          40.0
        ],
        [
          125.0,
          164.0,
          300.0,
          90.0
        ],
        [
          155.0,
          230.0,
          1588.0,
          246.0
        ],
        [
          7.0,
          15.0,
          20.0,
          221.0
        ]
      ],
      "rest_counts": [
        [
          1310.0,
          1027.0,
          2269.0,
          181.0
        ],
        [
          711.0,
          1562.0,
          2566.0,
          313.0
        ],
        [
          950.0,
          1521.0,
          8239.0,
          1564.0
        ],
        [
          21.0,
          56.0,
          156.0,
          790.0
        ]
      ],
      "n_problems": 584,
      "n_rest_problems": 3459,
      "p_g_holm": 0.0006999300069993001,
      "p_kl_holm": 0.0006999300069993001
    },
    "geometry": {
      "n_transitions": 3933,
      "n_rest_transitions": 23637,
      "g": 53.21396745987569,
      "p_g": 9.999000099990002e-05,
      "g_rows": [
        5.297556242439425,
        22.098261579090458,
        25.591051066086976,
        0.22709857225883345
      ],
      "p_g_rows": [
        0.15308469153084692,
        9.999000099990002e-05,
        9.999000099990002e-05,
        0.9799020097990201
      ],
      "sym_kl": 0.007175189059702774,
      "p_kl": 0.06209379062093791,
      "counts": [
        [
          332.0,
          203.0,
          453.0,
          30.0
        ],
        [
          117.0,
          201.0,
          451.0,
          39.0
        ],
        [
          198.0,
          263.0,
          1278.0,
          219.0
        ],
        [
          4.0,
          8.0,
          21.0,
          116.0
        ]
      ],
      "rest_counts": [
        [
          1469.0,
          971.0,
          2311.0,
          191.0
        ],
        [
          719.0,
          1525.0,
          2415.0,
          364.0
        ],
        [
          907.0,
          1488.0,
          8549.0,
          1591.0
        ],
        [
          24.0,
          63.0,
          155.0,
          895.0
        ]
      ],
      "n_problems": 575,
      "n_rest_problems": 3468,
      "p_g_holm": 0.0006999300069993001,
      "p_kl_holm": 0.06209379062093791
    },
    "intermediate_algebra": {
      "n_transitions": 3850,
      "n_rest_transitions": 23720,
      "g": 81.78875695500955,
      "p_g": 9.999000099990002e-05,
      "g_rows": [
        8.976527855288715,
        13.602427608257518,
        58.39714110078174,
        0.8126603906815755
      ],
      "p_g_rows": [
        0.032396760323967606,
        0.0057994200579942,
        9.999000099990002e-05,
        0.8609139086091391
      ],
      "sym_kl": 0.008945692549312854,
      "p_kl": 0.0301969803019698,
      "counts": [
        [
          202.0,
          155.0,
          384.0,
          22.0
        ],
        [
          93.0,
          215.0,
          380.0,
          30.0
        ],
        [
          143.0,
          226.0,
          1704.0,
          215.0
        ],
        [
          1.0,
          4.0,
          13.0,
          63.0
        ]
      ],
      "rest_counts": [
        [
          1599.0,
          1019.0,
          2380.0,
          199.0
        ],
        [
          743.0,
          1511.0,
          2486.0,
          373.0
        ],
        [
          962.0,
          1525.0,
          8123.0,
          1595.0
        ],
        [
          27.0,
          67.0,
          163.0,
          948.0
        ]
      ],
      "n_problems": 565,
      "n_rest_problems": 3478,
      "p_g_holm": 0.0006999300069993001,
      "p_kl_holm": 0.0603939606039396
    },
    "number_theory": {
      "n_transitions": 3726,
      "n_rest_transitions": 23844,
      "g": 41.49416231080977,
      "p_g": 9.999000099990002e-05,
      "g_rows": [
        18.912601400798465,
        5.774138666257022,
        8.613270143256656,
        8.194152100497625
      ],
      "p_g_rows": [
        0.0004999500049995,
        0.14458554144585542,
        0.0438956104389561,
        0.053594640535946404
      ],
      "sym_kl": 0.01214436566103336,
      "p_kl": 0.0033996600339966003,
      "counts": [
        [
          159.0,
          159.0,
          324.0,
          30.0
        ],
        [
          135.0,
          310.0,
          437.0,
          66.0
        ],
        [
          132.0,
          246.0,
          1276.0,
          274.0
        ],
        [
          3.0,
          10.0,
          37.0,
          128.0
        ]
      ],
      "rest_counts": [
        [
          1642.0,
          1015.0,
          2440.0,
          191.0
        ],
        [
          701.0,
          1416.0,
          2429.0,
          337.0
        ],
        [
          973.0,
          1505.0,
          8551.0,
          1536.0
        ],
        [
          25.0,
          61.0,
          139.0,
          883.0
        ]
      ],
      "n_problems": 583,
      "n_rest_problems": 3460,
      "p_g_holm": 0.0006999300069993001,
      "p_kl_holm": 0.013598640135986401
    },
    "prealgebra": {
      "n_transitions": 3826,
      "n_rest_transitions": 23744,
      "g": 47.20166662007847,
      "p_g": 9.999000099990002e-05,
      "g_rows": [
        6.187445201881616,
        9.25420519823389,
        20.112873082656222,
        11.647143137306738
      ],
      "p_g_rows": [
        0.10718928107189281,
        0.0326967303269673,
        0.0005999400059994001,
        0.0143985601439856
      ],
      "sym_kl": 0.010672164285791715,
      "p_kl": 0.0091990800919908,