,algebra,counting_and_probability,geometry,intermediate_algebra,number_theory,prealgebra,precalculus
algebra,1.000000,0.946847,0.985681,0.980875,0.994622,0.973431,0.974978
counting_and_probability,0.946847,1.000000,0.969512,0.957189,0.948143,0.977684,0.948761
geometry,0.985681,0.969512,1.000000,0.989228,0.982080,0.986463,0.973786
intermediate_algebra,0.980875,0.957189,0.989228,1.000000,0.988171,0.979566,0.983532
number_theory,0.994622,0.948143,0.982080,0.988171,1.000000,0.976445,0.982169
prealgebra,0.973431,0.977684,0.986463,0.979566,0.976445,1.000000,0.965067
precalculus,0.974978,0.948761,0.973786,0.983532,0.982169,0.965067,1.000000
