,algebra,counting_and_probability,geometry,intermediate_algebra,number_theory,prealgebra,precalculus
algebra,1.000000,0.946626,0.985812,0.981785,0.994750,0.973710,0.974931
counting_and_probability,0.946626,1.000000,0.969295,0.957271,0.947967,0.978015,0.948459
geometry,0.985812,0.969295,1.000000,0.989570,0.982112,0.986232,0.973819
intermediate_algebra,0.981785,0.957271,0.989570,1.000000,0.988434,0.978445,0.984193
number_theory,0.994750,0.947967,0.982112,0.988434,1.000000,0.976298,0.982129
prealgebra,0.973710,0.978015,0.986232,0.978445,0.976298,1.000000,0.964999
precalculus,0.974931,0.948459,0.973819,0.984193,0.982129,0.964999,1.000000
